15143,Geometric Wood Oil Warmer with Ceramic Basin,4.97,7.95,1662,849179003074,FALSE,FALSE
15144,Blue Porcelain Tear Drop Oil Warmer,3.32,5.95,1619,849179003104,FALSE,FALSE
15145,White Porcelain Tear Drop Oil Warmer,3.32,5.95,553,849179003081,FALSE,FALSE
15146,Black Porcelain Tear Drop Oil Warmer,3.32,5.95,1956,849179003098,FALSE,FALSE
15156,Weathered-Look Cherub Table Lamp,40.77,59.95,133,849179011345,FALSE,FALSE
15157,White Twisted Wire Jeweled Candle Holder,16.65,24.95,60,849179005023,FALSE,FALSE
15158,Lion Garden Statue Pair,85.61,129.95,97,849179004965,FALSE,FALSE
15160,Dark Shade Buddha Table Lamp,44.74,69.95,0,849179011369,FALSE,FALSE
15162,Eiffel Tower Wire Frame Table Lamp,47.71,69.95,0,849179011376,FALSE,FALSE
15163,Anchor Chain Nautical Table Lamp,47.4,79.95,82,849179011383,FALSE,FALSE
15164,Fabric-Lined Nesting Basket Set,23.52,34.95,338,849179011390,FALSE,FALSE
15166,Wood Wagon Planter,47.4,79.95,169,849179005177,FALSE,FALSE
15167,Rustic Style Bench Planter,64.13,89.95,173,849179005184,FALSE,FALSE
15168,French Cafe Chair Planter,28.76,44.95,#N/A,849179005191,TRUE,FALSE
15170,Modern Tree Jewelry Holder,17.18,24.95,222,849179005276,FALSE,FALSE
15171,Porcelain Coral Jewelry Holder,10.54,16.95,356,849179005283,FALSE,FALSE
15175,Mother and Baby Stone-Look Statuette,8.82,14.95,353,849179005979,FALSE,FALSE
15177,Wood Grain Scalloped Tray Set,19.83,29.95,166,849179005054,FALSE,FALSE
15178,Natural Patterned Square Decorative Plate Set,13.2,24.95,413,849179005061,FALSE,FALSE
15179,Vintage-Look Planter Set,16.26,24.95,1526,849179005078,FALSE,FALSE
15183,Furry White Ottoman or Seat,40.77,59.95,0,849179011413,FALSE,FALSE
15184,Shiny Silver Ottoman or Seat,70.52,99.95,275,849179011420,FALSE,FALSE
15185,Classic Windchimes with Light Wood Accents,13.2,19.95,103,849179004323,FALSE,FALSE
15186,Windchimes with Seashell Crescent Moons,6.9,9.95,#N/A,849179004330,TRUE,FALSE
15188,All-White Hummingbird Windchimes,19.83,29.95,#N/A,849179004453,FALSE,FALSE
15189,Medieval Kingdom Chess Set,140.26,199.95,161,849179004590,FALSE,FALSE
15190,Dragon Chess Set with Elevated Glass Board,133.62,199.95,31,849179004606,FALSE,FALSE
15191,Blue versus Red Dragon Chess Set,139.94,199.95,157,849179004613,FALSE,FALSE
15192,Dragons versus Dragons Ultimate Tower Chess Set,139.94,199.95,112,849179004620,FALSE,FALSE
15193,Patterned Glass Hanging Candle Lantern - Blue,9.96,16.95,346,849179004460,FALSE,FALSE
15194,Patterned Glass Hanging Candle Lantern - Amber,9.96,16.95,0,849179004477,FALSE,FALSE
15195,Diamond Pattern Hanging Candle Lantern - Blue,11.07,16.95,515,849179004484,FALSE,FALSE
15196,Patterned Glass Hanging Candle Lantern - Yellow,8.63,14.95,286,849179004491,FALSE,FALSE
15197,Dimpled Glass Candle Globe - 5.5 inches,8.63,14.95,442,849179004507,FALSE,FALSE
15199,Diamond Pattern Candle Jar - Blue - 6 inches,9.69,14.95,334,849179004521,FALSE,FALSE
15200,Diamond Pattern Candle Jar - Amber - 5 inches,7.31,12.95,627,849179004538,FALSE,FALSE
15201,Diamond Pattern Candle Jar - Green - 5 inches,7.31,12.95,842,849179004545,FALSE,FALSE
15202,Diamond Pattern Candle Jar - Gold - 6 inches,9.69,14.95,537,849179004552,FALSE,FALSE
15203,Turquoise Croc-Textured Treasure Box,8.83,14.95,222,849179004569,FALSE,FALSE
15204,Turquoise Croc-Textured Nesting Trays,17.44,24.95,26,849179004576,FALSE,FALSE
15205,Turquoise Croc-Textured Coaster Set,5.24,9.95,162,849179004583,FALSE,FALSE
15206,Ceramic Owl Stool or Stand,76.77,129.95,0,849179004637,FALSE,FALSE
15208,Ceramic Floral Stool or Plant Stand,76.77,129.95,14,849179004651,FALSE,FALSE
15209,Ceramic Floral Embossed Stool or Plant Stand,76.77,129.95,119,849179004668,FALSE,FALSE
15210,Mixed Materials Slatted Candle Lantern - 15.5 inches,27.49,39.95,263,849179004675,FALSE,FALSE
15211,Mixed Material Slatted Candle Lantern - 12 inches,23.52,34.95,436,849179004682,FALSE,FALSE
15212,Pinwheel Style Rotating Yard Art,70.52,109.95,209,849179011437,FALSE,FALSE
15213,Glossy White Round Scalloped Accent Table,100.38,149.95,110,849179005085,FALSE,TRUE
15214,Glossy Finish White Side Table,105.82,149.95,150,849179005092,FALSE,FALSE
15215,White Accent Table with Curved Legs,100.46,149.95,151,849179005108,FALSE,FALSE
15216,Wood Scallop Detail Hall Table - White,64.13,99.95,149,849179005030,FALSE,FALSE
15217,Blue Glass Lighthouse Candle Lantern,14.53,19.95,1596,849179011444,FALSE,FALSE
15218,Colonial Style Candle Lantern - 9 inches,8.7,12.95,977,849179011451,FALSE,FALSE
15219,Colonial Style Candle Lantern - 11.5 inches,16.26,24.95,803,849179011468,FALSE,FALSE
15220,Colonial Style Candle Lantern - 15 inches,22.44,29.95,2269,849179011475,FALSE,FALSE
15221,Pink Pressed Glass Candle Lantern - 10 inches,7.31,10.95,505,849179011482,FALSE,FALSE
15222,Red and Blue Glass Hanging Lantern - 10.5 inches,11.07,16.95,164,849179011499,FALSE,FALSE
15223,Multi-Colored Glass Candle Lantern - 10 inches,13.87,19.95,598,849179011505,FALSE,FALSE
15225,Clear Glass Curved-Top Candle Lantern - 9.5 inches,11.6,16.95,106,849179011529,FALSE,FALSE
15226,Sparkling Jewels Candle Lantern,33,44.95,1000,849179011536,FALSE,FALSE
15230,Nesting Wicker Trunk and Ottomans Set,141.21,199.95,4,849179005306,FALSE,FALSE
15235,Flashlight/Lantern Combo with Night Light,10.49,14.95,159,849179011543,FALSE,FALSE
15236,Hanging Closet Organizer with Shoe Pockets,13.87,19.95,40,849179011550,FALSE,FALSE
15244,Snow Leopard Print Luggage Set,177.85,249.95,87,849179006280,FALSE,FALSE
15245,Patterned Blue Glass Candle Tower - 13 inches,11.64,16.95,789,849179011574,FALSE,FALSE
15246,Multi-Colored Glass Candle Tower - 10 inches,8.82,14.95,227,849179011581,FALSE,FALSE
15247,Patterned Blue Glass Candle Lantern - 7.5 inches,9.29,14.95,406,849179011598,FALSE,FALSE
15250,Round Black Iron Hanging Pot Rack,32.55,49.95,290,849179006259,FALSE,FALSE
15251,Angular Iron Kitchen Pot Rack,56.62,89.95,185,849179006266,FALSE,FALSE
15252,Wrought Iron White Hanging Pot Rack,56.94,89.95,375,849179006020,FALSE,FALSE
15255,Battery-Powered Extendable Display Light,11.87,16.95,62,849179011604,FALSE,FALSE
15256,Skeleton and Motorcycle Electric Oil Warmer,30.15,44.95,217,849179006068,FALSE,FALSE
15257,Stone-Look Gothic Dragon Clock,27.49,39.95,536,849179006075,FALSE,FALSE
15258,Stone-Look Treasure Box with Pink Dragon,21.89,29.95,100,849179006082,FALSE,FALSE
15259,Stone-Look Medieval Dragon Vase,19.83,29.95,194,849179006099,FALSE,FALSE
15260,Celtic Braid Medieval Dragon Bookends,23.52,34.95,83,849179006105,FALSE,FALSE
15261,Dragon Oil Warmer with Hanging Dish,24.85,37.95,210,849179006112,FALSE,FALSE
15262,Medieval Dragon Treasure Box,20.84,29.95,471,849179006129,FALSE,FALSE
